record_type,record_number,src_table_name,src_column_name,target_table_name,target_column_name,start_index,length
D,101,231_Name_And_Address,Data,CUSTOMER,RECORD_TYPE,1,1
D,101,231_Name_And_Address,Data,CUSTOMER,RECORD_NUMBER,2,3
D,101,231_Name_And_Address,Data,CUSTOMER,FIRM,5,4
D,101,231_Name_And_Address,Data,CUSTOMER,BRANCH,9,3
D,101,231_Name_And_Address,Data,CUSTOMER,ACCOUNT_NUMBER,12,6
D,101,231_Name_And_Address,Data,CUSTOMER,NUMBER_OF_CONFIRMS,18,2
D,101,231_Name_And_Address,Data,CUSTOMER,NUMBER_OF_STATEMENTS,20,2
D,101,231_Name_And_Address,Data,CUSTOMER,IRS_NO,22,9
D,101,231_Name_And_Address,Data,CUSTOMER,IRS_CODE,31,1
D,101,231_Name_And_Address,Data,CUSTOMER,ZIP_CODE_1,32,5
D,101,231_Name_And_Address,Data,CUSTOMER,STATE_OR_COUNTRY_CODE,37,3
D,101,231_Name_And_Address,Data,CUSTOMER,SEPARATE_ACCOUNT_MANAGER_INDICATOR,40,1
D,101,231_Name_And_Address,Data,CUSTOMER,SHORT_NAME,41,10
D,101,231_Name_And_Address,Data,CUSTOMER,TRANSFER_LEGEND_CODE,51,1
D,101,231_Name_And_Address,Data,CUSTOMER,MANAGED_ACCOUNT_CODE,52,1
D,101,231_Name_And_Address,Data,CUSTOMER,LAST_UPDATE_CODE,53,1
D,101,231_Name_And_Address,Data,CUSTOMER,LAST_UPDATE_DATE,54,8
D,101,231_Name_And_Address,Data,CUSTOMER,REGISTERED_REP_OWNING_REP_RR,62,3
D,101,231_Name_And_Address,Data,CUSTOMER,TRADING_AUTH_CODE_BNAM,65,1
D,101,231_Name_And_Address,Data,CUSTOMER,EMPLOYEE_CODE,66,1
D,101,231_Name_And_Address,Data,CUSTOMER,CITIZEN_CODE,67,1
D,101,231_Name_And_Address,Data,CUSTOMER,COUNTRY_OF_TAX_RESIDENCY,68,3
D,101,231_Name_And_Address,Data,CUSTOMER,DO_NOT_PURGE_CODE,71,1
D,101,231_Name_And_Address,Data,CUSTOMER,ACCOUNT_CLASSIFICATION,72,2
D,101,231_Name_And_Address,Data,CUSTOMER,PROCEEDS_INSTRUCTIONS,74,1
D,101,231_Name_And_Address,Data,CUSTOMER,SECURITIES_INSTRUCTIONS,75,1
D,101,231_Name_And_Address,Data,CUSTOMER,CASH_DIVIDEND_INSTRUCTIONS,76,1
D,101,231_Name_And_Address,Data,CUSTOMER,DIVIDEND_ROUNDOUT_INSTRUCTION_CODE,77,1
D,101,231_Name_And_Address,Data,CUSTOMER,NON_OBJECTING_BENEFICIAL_OWNER_CODE,78,1
D,101,231_Name_And_Address,Data,CUSTOMER,COMMISSION_CLASS,79,1
D,101,231_Name_And_Address,Data,CUSTOMER,COMMISSION_DISCOUNT_PERCENT,80,5
D,101,231_Name_And_Address,Data,CUSTOMER,COMMISSION_SCHEDULE,85,2
D,101,231_Name_And_Address,Data,CUSTOMER,PARENT_BRANCH,87,3
D,101,231_Name_And_Address,Data,CUSTOMER,PARENT_ACCOUNT,90,6
D,101,231_Name_And_Address,Data,CUSTOMER,AGENCY_CODE,96,8
D,101,231_Name_And_Address,Data,CUSTOMER,REGISTERED_REP_EXEC_REP_RR2,104,3
D,101,231_Name_And_Address,Data,CUSTOMER,NAP_OR_RAP_INDICATOR,107,1
D,101,231_Name_And_Address,Data,CUSTOMER,NAP_OR_RAP_DATE,108,8
D,101,231_Name_And_Address,Data,CUSTOMER,INSTITUTIONAL_DELIVERY_CODE,116,1
D,101,231_Name_And_Address,Data,CUSTOMER,INSTITUTIONAL_DELIVERY_NUMBER,117,5
D,101,231_Name_And_Address,Data,CUSTOMER,AGENT_BANK_NUMBER,122,5
D,101,231_Name_And_Address,Data,CUSTOMER,ESTABLISH_DATE,127,8
D,101,231_Name_And_Address,Data,CUSTOMER,RESTRICTION_CODE_OR_PARTIAL,135,1
D,101,231_Name_And_Address,Data,CUSTOMER,BYPASS_MISC_FEE_INDICATOR,136,1
D,101,231_Name_And_Address,Data,CUSTOMER,INVESTMENT_CLUB_AGREEMENT,137,1
D,101,231_Name_And_Address,Data,CUSTOMER,JOINT_ACCOUNT_AGREEMENT,138,1
D,101,231_Name_And_Address,Data,CUSTOMER,TRUST_SERVICE_PROVIDER_TLA,139,1
D,101,231_Name_And_Address,Data,CUSTOMER,CORPORATE_AGREEMENT,140,1
D,101,231_Name_And_Address,Data,CUSTOMER,TRUST_ACCOUNTING,141,1
D,101,231_Name_And_Address,Data,CUSTOMER,PARTNER_AGREEMENT,142,1
D,101,231_Name_And_Address,Data,CUSTOMER,MARGIN_AGREEMENT,143,1
D,101,231_Name_And_Address,Data,CUSTOMER,OPTION_STATUS,144,1
D,101,231_Name_And_Address,Data,CUSTOMER,OPTION_AGREEMENT,145,1
D,101,231_Name_And_Address,Data,CUSTOMER,NON_PURPOSE_LOAN_AGREEMENT,146,1
D,101,231_Name_And_Address,Data,CUSTOMER,TRUST_AGREEMENT,147,1
D,101,231_Name_And_Address,Data,CUSTOMER,NEW_ACCOUNT_PAPERS,148,1
D,101,231_Name_And_Address,Data,CUSTOMER,SPECIAL_PRODUCT_PAPERS,149,1
D,101,231_Name_And_Address,Data,CUSTOMER,OMNIBUS_CODE,150,2
D,101,231_Name_And_Address,Data,CUSTOMER,SEGREGATION_CODE,152,1
D,101,231_Name_And_Address,Data,CUSTOMER,SPECIAL_MARGIN_RATE,153,5
D,101,231_Name_And_Address,Data,CUSTOMER,MONEY_MOVEMENT_AUTHORIZATION_LEVEL,158,1
D,101,231_Name_And_Address,Data,CUSTOMER,MASTER_SECURITY_LENDING_AGREEMENT_MSLA_INDICATOR,159,1
D,101,231_Name_And_Address,Data,CUSTOMER,CORPORATE_TAX_STATUS,160,1
D,101,231_Name_And_Address,Data,CUSTOMER,COST_BASIS_DISPOSAL_METHOD_CODE,161,4
D,101,231_Name_And_Address,Data,CUSTOMER,DVP_SUPPRESSION_INDICATOR,165,1
D,101,231_Name_And_Address,Data,CUSTOMER,ABANDONED_PROPERTY_DATE,166,8
D,101,231_Name_And_Address,Data,CUSTOMER,PREFERRED_CUSTOMER_CODE,174,3
D,101,231_Name_And_Address,Data,CUSTOMER,ZIP_CODE_2,177,9
D,101,231_Name_And_Address,Data,CUSTOMER,OASYS_ACCESS_CODE,186,12
D,101,231_Name_And_Address,Data,CUSTOMER,OASYS_INSTITUTION,198,8
D,101,231_Name_And_Address,Data,CUSTOMER,NUMBER_OF_ADDRESS_LINES,206,1
D,101,231_Name_And_Address,Data,CUSTOMER,NAME_AND_ADDRESS_LINE_1,207,32
D,101,231_Name_And_Address,Data,CUSTOMER,NAME_AND_ADDRESS_LINE_2,239,32
D,101,231_Name_And_Address,Data,CUSTOMER,NAME_AND_ADDRESS_LINE_3,271,32
D,101,231_Name_And_Address,Data,CUSTOMER,NAME_AND_ADDRESS_LINE_4,303,32
D,101,231_Name_And_Address,Data,CUSTOMER,NAME_AND_ADDRESS_LINE_5,335,32
D,101,231_Name_And_Address,Data,CUSTOMER,NAME_AND_ADDRESS_LINE_6,367,32
D,101,231_Name_And_Address,Data,CUSTOMER,REGISTRATION_TYPE,399,4
D,101,231_Name_And_Address,Data,CUSTOMER,BIRTH_DATE,403,8
D,101,231_Name_And_Address,Data,CUSTOMER,PRODUCT_LEVEL,411,2
D,101,231_Name_And_Address,Data,CUSTOMER,BIRTH_DATE_OR_SHADOW,413,8
D,101,231_Name_And_Address,Data,CUSTOMER,MULTI_CURRENCY_ACCOUNT,421,1
D,101,231_Name_And_Address,Data,CUSTOMER,PORTFOLIO_MARGIN_INDICATOR,422,1
D,101,231_Name_And_Address,Data,CUSTOMER,ADVISOR_REPORTING_INDICATOR,423,1
D,101,231_Name_And_Address,Data,CUSTOMER,LATE_TRADE_INDICATOR,424,1
D,101,231_Name_And_Address,Data,CUSTOMER,MARGIN_SWEEP_CODE,425,1
D,101,231_Name_And_Address,Data,CUSTOMER,SETUP_FEE_INDICATOR,426,1
D,101,231_Name_And_Address,Data,CUSTOMER,PRODUCT_LEVEL_SUBTYPE_CDE,427,1
D,101,231_Name_And_Address,Data,CUSTOMER,W_8_FORM_CODE,428,1
D,101,231_Name_And_Address,Data,CUSTOMER,W_8_CERTIFICATION_DATE,429,8
D,101,231_Name_And_Address,Data,CUSTOMER,FILLER_1,437,1
D,101,231_Name_And_Address,Data,CUSTOMER,ACCOUNT_SOURCE_CODE,438,3
D,101,231_Name_And_Address,Data,CUSTOMER,BDA_PARENT_ACCOUNT_NUMBER,441,9
D,101,231_Name_And_Address,Data,CUSTOMER,NET_ASSET_VALUE_INDICATOR,450,1
D,101,231_Name_And_Address,Data,CUSTOMER,PLAN_NAME_CODE,451,5
D,101,231_Name_And_Address,Data,CUSTOMER,TEAM_CODE,456,3
D,101,231_Name_And_Address,Data,CUSTOMER,FIAG_ACOCUNT_INDICATOR,459,1
D,101,231_Name_And_Address,Data,CUSTOMER,PROXY_VOTE_INDICATOR,460,1
D,101,231_Name_And_Address,Data,CUSTOMER,PRIME_BROKER_INDICATOR,461,1
D,101,231_Name_And_Address,Data,CUSTOMER,TRANSFER_AGENT_FEE_CODE,462,3
D,101,231_Name_And_Address,Data,CUSTOMER,TRANSFER_AGENT_MANAGEMENT_FEE_CODE,465,3
D,101,231_Name_And_Address,Data,CUSTOMER,ACCOUNT_REGULATORY_CODE,468,2
D,101,231_Name_And_Address,Data,CUSTOMER,EXCHANGE_INDICATOR,470,1
D,101,231_Name_And_Address,Data,CUSTOMER,CASH_MANAGEMENT_FEE_SCHEDULE_CODE,471,2
D,101,231_Name_And_Address,Data,CUSTOMER,MULTIPLE_MARGIN_INDICATOR,473,1
D,101,231_Name_And_Address,Data,CUSTOMER,ASSET_DISTRIBUTION_ACCOUNT_CODE,474,1
D,101,231_Name_And_Address,Data,CUSTOMER,CONFIRM_PRINT_CODE,475,1
D,101,231_Name_And_Address,Data,CUSTOMER,FAMILY_OFFICE_TYPE_CODE,476,1
D,101,231_Name_And_Address,Data,CUSTOMER,SHADOSUITE_DVP_CODE,477,1
D,101,231_Name_And_Address,Data,CUSTOMER,VENDOR_CODE,478,2
D,101,231_Name_And_Address,Data,CUSTOMER,CHARGEBACK_TYPE_CODE,480,1
D,101,231_Name_And_Address,Data,CUSTOMER,CASH_MOVEMENT_TYPE_CODE,481,1
D,101,231_Name_And_Address,Data,CUSTOMER,FUTURES_STATUS_CODE,482,1
D,101,231_Name_And_Address,Data,CUSTOMER,BROKER_DEALER_SOLD_CODE,483,1
D,101,231_Name_And_Address,Data,CUSTOMER,FEE_AUTHORIZATION_CODE,484,1
D,101,231_Name_And_Address,Data,CUSTOMER,MUTUAL_FUND_FEE_REBATE_CODE,485,1
D,101,231_Name_And_Address,Data,CUSTOMER,SPECIAL_ACCOUNT_USAGE_CODE,486,5
D,101,231_Name_And_Address,Data,CUSTOMER,TRADE_AWAY_ELIGIBLE_CODE,491,1
D,101,231_Name_And_Address,Data,CUSTOMER,COVERDELL_SPECIAL_NEEDS_INDICATOR,492,1
D,101,231_Name_And_Address,Data,CUSTOMER,MULTIPLE_MARGIN_MODEL_CODE,493,1
D,101,231_Name_And_Address,Data,CUSTOMER,MUTUAL_FUND_INVESTMENT_IRA_INDICATOR,494,1
D,101,231_Name_And_Address,Data,CUSTOMER,MONEY_MARKET_ACCOUNT_DESIGNATION,495,1
D,101,231_Name_And_Address,Data,CUSTOMER,PRODUCT_CLASS,496,8
D,101,231_Name_And_Address,Data,CUSTOMER,PLATFORM_SOURCE,504,8
D,101,231_Name_And_Address,Data,CUSTOMER,FIDUCIARY_APPROACH_CODE,512,2
D,101,231_Name_And_Address,Data,CUSTOMER,FIDUCIARY_APPROACH_LAST_UPDATE_DATE,514,8
D,101,231_Name_And_Address,Data,CUSTOMER,LINE_OF_BUSINESS,522,6
D,101,231_Name_And_Address,Data,CUSTOMER,REGISTERED_REP_REP_OF_RECORD_ROR,528,9
D,101,231_Name_And_Address,Data,CUSTOMER,REGISTERED_REP_PAY_TO_REP_PTR_ACCOUNT_LEVEL,537,9
D,101,231_Name_And_Address,Data,CUSTOMER,FILLER_2,546,155
D,102,231_Name_And_Address,Data,OWNER_REGISTRATION_FIRST3,RECORD_TYPE,1,1
D,102,231_Name_And_Address,Data,OWNER_REGISTRATION_FIRST3,RECORD_NUMBER,2,3
D,102,231_Name_And_Address,Data,OWNER_REGISTRATION_FIRST3,FIRM,5,4
D,102,231_Name_And_Address,Data,OWNER_REGISTRATION_FIRST3,BRANCH,9,3
D,102,231_Name_And_Address,Data,OWNER_REGISTRATION_FIRST3,ACCOUNT_NUMBER,12,6
D,102,231_Name_And_Address,Data,OWNER_REGISTRATION_FIRST3,EXCEPTION_REGISTRATION_INDICATOR,18,1
D,102,231_Name_And_Address,Data,OWNER_REGISTRATION_FIRST3,TRUST_DATE,19,8
D,102,231_Name_And_Address,Data,OWNER_REGISTRATION_FIRST3,MINOR_RESIDENCE_STATE,27,2
D,102,231_Name_And_Address,Data,OWNER_REGISTRATION_FIRST3,AUTO_ADDRESS_UPDATE_INDICATOR,29,1
D,102,231_Name_And_Address,Data,OWNER_REGISTRATION_FIRST3,NCOA_ADDRESS_UPDATE_INDICATOR,30,1
D,102,231_Name_And_Address,Data,OWNER_REGISTRATION_FIRST3,FOREIGN_ADDRESS_CODE,31,1
D,102,231_Name_And_Address,Data,OWNER_REGISTRATION_FIRST3,ADDRESS_LINE_1,32,32
D,102,231_Name_And_Address,Data,OWNER_REGISTRATION_FIRST3,ADDRESS_LINE_2,64,32
D,102,231_Name_And_Address,Data,OWNER_REGISTRATION_FIRST3,ADDRESS_LINE_3,96,32
D,102,231_Name_And_Address,Data,OWNER_REGISTRATION_FIRST3,CITY_NAME,128,30
D,102,231_Name_And_Address,Data,OWNER_REGISTRATION_FIRST3,STATE,158,2
D,102,231_Name_And_Address,Data,OWNER_REGISTRATION_FIRST3,POSTAL_CODE,160,9
D,102,231_Name_And_Address,Data,OWNER_REGISTRATION_FIRST3,STATE_OR_COUNTRY_CODE,169,3
D,102,231_Name_And_Address,Data,OWNER_REGISTRATION_FIRST3,PROVINCE,172,15
D,102,231_Name_And_Address,Data,OWNER_REGISTRATION_FIRST3,NAME_COUNT,187,4
D,102,231_Name_And_Address,Data,OWNER_REGISTRATION_FIRST3,NAME_TYPE_1,191,1
D,102,231_Name_And_Address,Data,OWNER_REGISTRATION_FIRST3,PRIMARY_NAME_CODE_1,192,1
D,102,231_Name_And_Address,Data,OWNER_REGISTRATION_FIRST3,BUSINESS_OR_TRUST_NAME_1,193,50
D,102,231_Name_And_Address,Data,OWNER_REGISTRATION_FIRST3,FILLER_1,243,33
D,102,231_Name_And_Address,Data,OWNER_REGISTRATION_FIRST3,FIRST_NAME_1,193,12
D,102,231_Name_And_Address,Data,OWNER_REGISTRATION_FIRST3,MIDDLE_NAME_1,205,10
D,102,231_Name_And_Address,Data,OWNER_REGISTRATION_FIRST3,LAST_NAME_1,215,25
D,102,231_Name_And_Address,Data,OWNER_REGISTRATION_FIRST3,NAME_TITLE_PREFIX_1,240,10
D,102,231_Name_And_Address,Data,OWNER_REGISTRATION_FIRST3,NAME_TITLE_SUFFIX_1,250,10
D,102,231_Name_And_Address,Data,OWNER_REGISTRATION_FIRST3,DATE_OF_BIRTH_1,260,8
D,102,231_Name_And_Address,Data,OWNER_REGISTRATION_FIRST3,DATE_OF_DEATH_1,268,8
D,102,231_Name_And_Address,Data,OWNER_REGISTRATION_FIRST3,RELATIONSHIP_CODE_1,276,4
D,102,231_Name_And_Address,Data,OWNER_REGISTRATION_FIRST3,SSN_NUMBER_1,280,9
D,102,231_Name_And_Address,Data,OWNER_REGISTRATION_FIRST3,SSN_CODE_1,289,1
D,102,231_Name_And_Address,Data,OWNER_REGISTRATION_FIRST3,XREF_1,290,9
D,102,231_Name_And_Address,Data,OWNER_REGISTRATION_FIRST3,CUSTOMER_ESTABLISH_DATE_1,299,8
D,102,231_Name_And_Address,Data,OWNER_REGISTRATION_FIRST3,NAME_TYPE_2,307,1
D,102,231_Name_And_Address,Data,OWNER_REGISTRATION_FIRST3,PRIMARY_NAME_CODE_2,308,1
D,102,231_Name_And_Address,Data,OWNER_REGISTRATION_FIRST3,BUSINESS_OR_TRUST_NAME_2,309,50
D,102,231_Name_And_Address,Data,OWNER_REGISTRATION_FIRST3,FILLER_2,359,33
D,102,231_Name_And_Address,Data,OWNER_REGISTRATION_FIRST3,FIRST_NAME_2,309,12
D,102,231_Name_And_Address,Data,OWNER_REGISTRATION_FIRST3,MIDDLE_NAME_2,321,10
D,102,231_Name_And_Address,Data,OWNER_REGISTRATION_FIRST3,LAST_NAME_2,331,25
D,102,231_Name_And_Address,Data,OWNER_REGISTRATION_FIRST3,NAME_TITLE_PREFIX_2,356,10
D,102,231_Name_And_Address,Data,OWNER_REGISTRATION_FIRST3,NAME_TITLE_SUFFIX_2,366,10
D,102,231_Name_And_Address,Data,OWNER_REGISTRATION_FIRST3,DATE_OF_BIRTH_2,376,8
D,102,231_Name_And_Address,Data,OWNER_REGISTRATION_FIRST3,DATE_OF_DEATH_2,384,8
D,102,231_Name_And_Address,Data,OWNER_REGISTRATION_FIRST3,RELATIONSHIP_CODE_2,392,4
D,102,231_Name_And_Address,Data,OWNER_REGISTRATION_FIRST3,SSN_NUMBER_2,396,9
D,102,231_Name_And_Address,Data,OWNER_REGISTRATION_FIRST3,SSN_CODE_2,405,1
D,102,231_Name_And_Address,Data,OWNER_REGISTRATION_FIRST3,XREF_2,406,9
D,102,231_Name_And_Address,Data,OWNER_REGISTRATION_FIRST3,CUSTOMER_ESTABLISH_DATE_2,415,8
D,102,231_Name_And_Address,Data,OWNER_REGISTRATION_FIRST3,NAME_TYPE_3,423,1
D,102,231_Name_And_Address,Data,OWNER_REGISTRATION_FIRST3,PRIMARY_NAME_CODE_3,424,1
D,102,231_Name_And_Address,Data,OWNER_REGISTRATION_FIRST3,BUSINESS_OR_TRUST_NAME_3,425,50
D,102,231_Name_And_Address,Data,OWNER_REGISTRATION_FIRST3,FILLER_3,475,33
D,102,231_Name_And_Address,Data,OWNER_REGISTRATION_FIRST3,FIRST_NAME_3,425,12
D,102,231_Name_And_Address,Data,OWNER_REGISTRATION_FIRST3,MIDDLE_NAME_3,437,10
D,102,231_Name_And_Address,Data,OWNER_REGISTRATION_FIRST3,LAST_NAME_3,447,25
D,102,231_Name_And_Address,Data,OWNER_REGISTRATION_FIRST3,NAME_TITLE_PREFIX_3,472,10
D,102,231_Name_And_Address,Data,OWNER_REGISTRATION_FIRST3,NAME_TITLE_SUFFIX_3,482,10
D,102,231_Name_And_Address,Data,OWNER_REGISTRATION_FIRST3,DATE_OF_BIRTH_3,492,8
D,102,231_Name_And_Address,Data,OWNER_REGISTRATION_FIRST3,DATE_OF_DEATH_3,500,8
D,102,231_Name_And_Address,Data,OWNER_REGISTRATION_FIRST3,RELATIONSHIP_CODE_3,508,4
D,102,231_Name_And_Address,Data,OWNER_REGISTRATION_FIRST3,SSN_NUMBER_3,512,9
D,102,231_Name_And_Address,Data,OWNER_REGISTRATION_FIRST3,SSN_CODE_3,521,1
D,102,231_Name_And_Address,Data,OWNER_REGISTRATION_FIRST3,XREF_3,522,9
D,102,231_Name_And_Address,Data,OWNER_REGISTRATION_FIRST3,CUSTOMER_ESTABLISH_DATE_3,531,8
D,102,231_Name_And_Address,Data,OWNER_REGISTRATION_FIRST3,TRUSTED_CONTACT_STATUS_CODE_1,539,1
D,102,231_Name_And_Address,Data,OWNER_REGISTRATION_FIRST3,TRUSTED_CONTACT_STATUS_CODE_2,540,1
D,102,231_Name_And_Address,Data,OWNER_REGISTRATION_FIRST3,TRUSTED_CONTACT_STATUS_CODE_3,541,1
D,102,231_Name_And_Address,Data,OWNER_REGISTRATION_FIRST3,FILLER_4,542,159
D,103,231_Name_And_Address,Data,OWNER_REGISTRATION_NEXT3,RECORD_TYPE,1,1
D,103,231_Name_And_Address,Data,OWNER_REGISTRATION_NEXT3,RECORD_NUMBER,2,3
D,103,231_Name_And_Address,Data,OWNER_REGISTRATION_NEXT3,FIRM,5,4
D,103,231_Name_And_Address,Data,OWNER_REGISTRATION_NEXT3,BRANCH,9,3
D,103,231_Name_And_Address,Data,OWNER_REGISTRATION_NEXT3,ACCOUNT_NUMBER,12,6
D,103,231_Name_And_Address,Data,OWNER_REGISTRATION_NEXT3,NAME_COUNT,18,4
D,103,231_Name_And_Address,Data,OWNER_REGISTRATION_NEXT3,NAME_TYPE_1,22,1
D,103,231_Name_And_Address,Data,OWNER_REGISTRATION_NEXT3,PRIMARY_NAME_CODE_1,23,1
D,103,231_Name_And_Address,Data,OWNER_REGISTRATION_NEXT3,BUSINESS_OR_TRUST_NAME_1,24,50
D,103,231_Name_And_Address,Data,OWNER_REGISTRATION_NEXT3,FILLER_1,74,33
D,103,231_Name_And_Address,Data,OWNER_REGISTRATION_NEXT3,FIRST_NAME_1,24,12
D,103,231_Name_And_Address,Data,OWNER_REGISTRATION_NEXT3,MIDDLE_NAME_1,36,10
D,103,231_Name_And_Address,Data,OWNER_REGISTRATION_NEXT3,LAST_NAME_1,46,25
D,103,231_Name_And_Address,Data,OWNER_REGISTRATION_NEXT3,NAME_TITLE_PREFIX_1,71,10
D,103,231_Name_And_Address,Data,OWNER_REGISTRATION_NEXT3,NAME_TITLE_SUFFIX_1,81,10
D,103,231_Name_And_Address,Data,OWNER_REGISTRATION_NEXT3,DATE_OF_BIRTH_1,91,8
D,103,231_Name_And_Address,Data,OWNER_REGISTRATION_NEXT3,DATE_OF_DEATH_1,99,8
D,103,231_Name_And_Address,Data,OWNER_REGISTRATION_NEXT3,RELATIONSHIP_CODE_1,107,4
D,103,231_Name_And_Address,Data,OWNER_REGISTRATION_NEXT3,SSN_NUMBER_1,111,9
D,103,231_Name_And_Address,Data,OWNER_REGISTRATION_NEXT3,SSN_CODE_1,120,1
D,103,231_Name_And_Address,Data,OWNER_REGISTRATION_NEXT3,XREF_1,121,9
D,103,231_Name_And_Address,Data,OWNER_REGISTRATION_NEXT3,CUSTOMER_ESTABLISH_DATE_1,130,8
D,103,231_Name_And_Address,Data,OWNER_REGISTRATION_NEXT3,NAME_TYPE_2,138,1
D,103,231_Name_And_Address,Data,OWNER_REGISTRATION_NEXT3,PRIMARY_NAME_CODE_2,139,1
D,103,231_Name_And_Address,Data,OWNER_REGISTRATION_NEXT3,BUSINESS_OR_TRUST_NAME_2,140,50
D,103,231_Name_And_Address,Data,OWNER_REGISTRATION_NEXT3,FILLER_2,190,33
D,103,231_Name_And_Address,Data,OWNER_REGISTRATION_NEXT3,FIRST_NAME_2,140,12
D,103,231_Name_And_Address,Data,OWNER_REGISTRATION_NEXT3,MIDDLE_NAME_2,152,10
D,103,231_Name_And_Address,Data,OWNER_REGISTRATION_NEXT3,LAST_NAME_2,162,25
D,103,231_Name_And_Address,Data,OWNER_REGISTRATION_NEXT3,NAME_TITLE_PREFIX_2,187,10
D,103,231_Name_And_Address,Data,OWNER_REGISTRATION_NEXT3,NAME_TITLE_SUFFIX_2,197,10
D,103,231_Name_And_Address,Data,OWNER_REGISTRATION_NEXT3,DATE_OF_BIRTH_2,207,8
D,103,231_Name_And_Address,Data,OWNER_REGISTRATION_NEXT3,DATE_OF_DEATH_2,215,8
D,103,231_Name_And_Address,Data,OWNER_REGISTRATION_NEXT3,RELATIONSHIP_CODE_2,223,4
D,103,231_Name_And_Address,Data,OWNER_REGISTRATION_NEXT3,SSN_NUMBER_2,227,9
D,103,231_Name_And_Address,Data,OWNER_REGISTRATION_NEXT3,SSN_CODE_2,236,1
D,103,231_Name_And_Address,Data,OWNER_REGISTRATION_NEXT3,XREF_2,237,9
D,103,231_Name_And_Address,Data,OWNER_REGISTRATION_NEXT3,CUSTOMER_ESTABLISH_DATE_2,246,8
D,103,231_Name_And_Address,Data,OWNER_REGISTRATION_NEXT3,NAME_TYPE_3,254,1
D,103,231_Name_And_Address,Data,OWNER_REGISTRATION_NEXT3,PRIMARY_NAME_CODE_3,255,1
D,103,231_Name_And_Address,Data,OWNER_REGISTRATION_NEXT3,BUSINESS_OR_TRUST_NAME_3,256,50
D,103,231_Name_And_Address,Data,OWNER_REGISTRATION_NEXT3,FILLER_3,306,33
D,103,231_Name_And_Address,Data,OWNER_REGISTRATION_NEXT3,FIRST_NAME_3,256,12
D,103,231_Name_And_Address,Data,OWNER_REGISTRATION_NEXT3,MIDDLE_NAME_3,268,10
D,103,231_Name_And_Address,Data,OWNER_REGISTRATION_NEXT3,LAST_NAME_3,278,25
D,103,231_Name_And_Address,Data,OWNER_REGISTRATION_NEXT3,NAME_TITLE_PREFIX_3,303,10
D,103,231_Name_And_Address,Data,OWNER_REGISTRATION_NEXT3,NAME_TITLE_SUFFIX_3,313,10
D,103,231_Name_And_Address,Data,OWNER_REGISTRATION_NEXT3,DATE_OF_BIRTH_3,323,8
D,103,231_Name_And_Address,Data,OWNER_REGISTRATION_NEXT3,DATE_OF_DEATH_3,331,8
D,103,231_Name_And_Address,Data,OWNER_REGISTRATION_NEXT3,RELATIONSHIP_CODE_3,339,4
D,103,231_Name_And_Address,Data,OWNER_REGISTRATION_NEXT3,SSN_NUMBER_3,343,9
D,103,231_Name_And_Address,Data,OWNER_REGISTRATION_NEXT3,SSN_CODE_3,352,1
D,103,231_Name_And_Address,Data,OWNER_REGISTRATION_NEXT3,XREF_3,353,9
D,103,231_Name_And_Address,Data,OWNER_REGISTRATION_NEXT3,CUSTOMER_ESTABLISH_DATE_3,362,8
D,103,231_Name_And_Address,Data,OWNER_REGISTRATION_NEXT3,TRUSTED_CONTACT_STATUS_CODE_1,370,1
D,103,231_Name_And_Address,Data,OWNER_REGISTRATION_NEXT3,TRUSTED_CONTACT_STATUS_CODE_2,371,1
D,103,231_Name_And_Address,Data,OWNER_REGISTRATION_NEXT3,TRUSTED_CONTACT_STATUS_CODE_3,372,1
D,103,231_Name_And_Address,Data,OWNER_REGISTRATION_NEXT3,FILLER_4,373,328
D,104,231_Name_And_Address,Data,TELEPHONE_BANK_DETAIL,RECORD_TYPE,1,1
D,104,231_Name_And_Address,Data,TELEPHONE_BANK_DETAIL,RECORD_NUMBER,2,3
D,104,231_Name_And_Address,Data,TELEPHONE_BANK_DETAIL,FIRM,5,4
D,104,231_Name_And_Address,Data,TELEPHONE_BANK_DETAIL,BRANCH,9,3
D,104,231_Name_And_Address,Data,TELEPHONE_BANK_DETAIL,ACCOUNT_NUMBER,12,6
D,104,231_Name_And_Address,Data,TELEPHONE_BANK_DETAIL,CALL_BACK_NO_1,18,10
D,104,231_Name_And_Address,Data,TELEPHONE_BANK_DETAIL,CALL_BACK_NAME_1,28,20
D,104,231_Name_And_Address,Data,TELEPHONE_BANK_DETAIL,AUTHORIZED_TRADER_INDICATOR,48,1
D,104,231_Name_And_Address,Data,TELEPHONE_BANK_DETAIL,TRADING_AUTH_CODE_FBSI_1,49,1
D,104,231_Name_And_Address,Data,TELEPHONE_BANK_DETAIL,TRADING_AUTH_NAME_FBSI_1,50,32
D,104,231_Name_And_Address,Data,TELEPHONE_BANK_DETAIL,TRADING_AUTH_CODE_FBSI_2,82,1
D,104,231_Name_And_Address,Data,TELEPHONE_BANK_DETAIL,TRADING_AUTH_NAME_FBSI_2,83,32
D,104,231_Name_And_Address,Data,TELEPHONE_BANK_DETAIL,TRADING_AUTH_CODE_FBSI_3,115,1
D,104,231_Name_And_Address,Data,TELEPHONE_BANK_DETAIL,TRADING_AUTH_NAME_FBSI_3,116,32
D,104,231_Name_And_Address,Data,TELEPHONE_BANK_DETAIL,CALL_BACK_NO_2,148,10
D,104,231_Name_And_Address,Data,TELEPHONE_BANK_DETAIL,CALL_BACK_NAME_2,158,20
D,104,231_Name_And_Address,Data,TELEPHONE_BANK_DETAIL,RT_ABA_NO_BASE,178,9
D,104,231_Name_And_Address,Data,TELEPHONE_BANK_DETAIL,CUSTOMER_BANK_ACCOUNT_NO,187,17
D,104,231_Name_And_Address,Data,TELEPHONE_BANK_DETAIL,ACH_ACCOUNT_TYPE,204,1
D,104,231_Name_And_Address,Data,TELEPHONE_BANK_DETAIL,CORE_SYMBOL,205,9
D,104,231_Name_And_Address,Data,TELEPHONE_BANK_DETAIL,MOBILE_TELEPHONE_NUMBER_1,214,1
D,104,231_Name_And_Address,Data,TELEPHONE_BANK_DETAIL,MOBILE_TELEPHONE_NUMBER_2,215,1
D,104,231_Name_And_Address,Data,TELEPHONE_BANK_DETAIL,FILLER,216,485
D,107,231_Name_And_Address,Data,EMPLOYER,RECORD_TYPE,1,1
D,107,231_Name_And_Address,Data,EMPLOYER,RECORD_NUMBER,2,3
D,107,231_Name_And_Address,Data,EMPLOYER,FIRM,5,4
D,107,231_Name_And_Address,Data,EMPLOYER,BRANCH,9,3
D,107,231_Name_And_Address,Data,EMPLOYER,ACCOUNT_NUMBER,12,6
D,107,231_Name_And_Address,Data,EMPLOYER,AFFILIATION_STATUS,18,1
D,107,231_Name_And_Address,Data,EMPLOYER,FINRA_RULE_3210_INDICATOR,19,1
D,107,231_Name_And_Address,Data,EMPLOYER,FINANCIAL_INSTITUTION_NAME,20,32
D,107,231_Name_And_Address,Data,EMPLOYER,FINANCIAL_INSTITUTION_ADDRESS_LINE_1,52,32
D,107,231_Name_And_Address,Data,EMPLOYER,FINANCIAL_INSTITUTION_ADDRESS_LINE_2,84,32
D,107,231_Name_And_Address,Data,EMPLOYER,FINANCIAL_INSTITUTION_ADDRESS_LINE_3,116,32
D,107,231_Name_And_Address,Data,EMPLOYER,OCCUPATION,148,50
D,107,231_Name_And_Address,Data,EMPLOYER,EMPLOYER_NAME,198,32
D,107,231_Name_And_Address,Data,EMPLOYER,EMPLOYER_ADDRESS_LINE_1,230,32
D,107,231_Name_And_Address,Data,EMPLOYER,EMPLOYER_ADDRESS_LINE_2,262,32
D,107,231_Name_And_Address,Data,EMPLOYER,EMPLOYER_ADDRESS_LINE_3,294,32
D,107,231_Name_And_Address,Data,EMPLOYER,EMPLOYER_ADDRESS_COUNTRY_CODE,326,3
D,107,231_Name_And_Address,Data,EMPLOYER,CONTROL_RELATIONSHIP_CODE_1,329,1
D,107,231_Name_And_Address,Data,EMPLOYER,CONTROL_RELATIONSHIP_COMPANY_NAME_1,330,32
D,107,231_Name_And_Address,Data,EMPLOYER,CONTROL_RELATIONSHIP_CUSIP_1,362,20
D,107,231_Name_And_Address,Data,EMPLOYER,CONTROL_RELATIONSHIP_CODE_2,382,1
D,107,231_Name_And_Address,Data,EMPLOYER,CONTROL_RELATIONSHIP_COMPANY_NAME_2,383,32
D,107,231_Name_And_Address,Data,EMPLOYER,CONTROL_RELATIONSHIP_CUSIP_2,415,20
D,107,231_Name_And_Address,Data,EMPLOYER,CONTROL_RELATIONSHIP_CODE_3,435,1
D,107,231_Name_And_Address,Data,EMPLOYER,CONTROL_RELATIONSHIP_COMPANY_NAME_3,436,32
D,107,231_Name_And_Address,Data,EMPLOYER,CONTROL_RELATIONSHIP_CUSIP_3,468,20
D,107,231_Name_And_Address,Data,EMPLOYER,FILLER,488,213
D,113,231_Name_And_Address,Data,OWNER_REGISTRATION_LAST2,RECORD_TYPE,1,1
D,113,231_Name_And_Address,Data,OWNER_REGISTRATION_LAST2,RECORD_NUMBER,2,3
D,113,231_Name_And_Address,Data,OWNER_REGISTRATION_LAST2,FIRM,5,4
D,113,231_Name_And_Address,Data,OWNER_REGISTRATION_LAST2,BRANCH,9,3
D,113,231_Name_And_Address,Data,OWNER_REGISTRATION_LAST2,ACCOUNT_NUMBER,12,6
D,113,231_Name_And_Address,Data,OWNER_REGISTRATION_LAST2,NAME_COUNT,18,4
D,113,231_Name_And_Address,Data,OWNER_REGISTRATION_LAST2,NAME_TYPE_1,22,1
D,113,231_Name_And_Address,Data,OWNER_REGISTRATION_LAST2,PRIMARY_NAME_CODE_1,23,1
D,113,231_Name_And_Address,Data,OWNER_REGISTRATION_LAST2,BUSINESS_OR_TRUST_NAME_1,24,50
D,113,231_Name_And_Address,Data,OWNER_REGISTRATION_LAST2,FILLER_1,74,33
D,113,231_Name_And_Address,Data,OWNER_REGISTRATION_LAST2,FIRST_NAME_1,24,12
D,113,231_Name_And_Address,Data,OWNER_REGISTRATION_LAST2,MIDDLE_NAME_1,36,10
D,113,231_Name_And_Address,Data,OWNER_REGISTRATION_LAST2,LAST_NAME_1,46,25
D,113,231_Name_And_Address,Data,OWNER_REGISTRATION_LAST2,NAME_TITLE_PREFIX_1,71,10
D,113,231_Name_And_Address,Data,OWNER_REGISTRATION_LAST2,NAME_TITLE_SUFFIX_1,81,10
D,113,231_Name_And_Address,Data,OWNER_REGISTRATION_LAST2,DATE_OF_BIRTH_1,91,8
D,113,231_Name_And_Address,Data,OWNER_REGISTRATION_LAST2,DATE_OF_DEATH_1,99,8
D,113,231_Name_And_Address,Data,OWNER_REGISTRATION_LAST2,RELATIONSHIP_CODE_1,107,4
D,113,231_Name_And_Address,Data,OWNER_REGISTRATION_LAST2,SSN_NUMBER_1,111,9
D,113,231_Name_And_Address,Data,OWNER_REGISTRATION_LAST2,SSN_CODE_1,120,1
D,113,231_Name_And_Address,Data,OWNER_REGISTRATION_LAST2,XREF_1,121,9
D,113,231_Name_And_Address,Data,OWNER_REGISTRATION_LAST2,CUSTOMER_ESTABLISH_DATE_1,130,8
D,113,231_Name_And_Address,Data,OWNER_REGISTRATION_LAST2,NAME_TYPE_2,138,1
D,113,231_Name_And_Address,Data,OWNER_REGISTRATION_LAST2,PRIMARY_NAME_CODE_2,139,1
D,113,231_Name_And_Address,Data,OWNER_REGISTRATION_LAST2,BUSINESS_OR_TRUST_NAME_2,140,50
D,113,231_Name_And_Address,Data,OWNER_REGISTRATION_LAST2,FILLER_2,190,33
D,113,231_Name_And_Address,Data,OWNER_REGISTRATION_LAST2,FIRST_NAME_2,140,12
D,113,231_Name_And_Address,Data,OWNER_REGISTRATION_LAST2,MIDDLE_NAME_2,152,10
D,113,231_Name_And_Address,Data,OWNER_REGISTRATION_LAST2,LAST_NAME_2,162,25
D,113,231_Name_And_Address,Data,OWNER_REGISTRATION_LAST2,NAME_TITLE_PREFIX_2,187,10
D,113,231_Name_And_Address,Data,OWNER_REGISTRATION_LAST2,NAME_TITLE_SUFFIX_2,197,10
D,113,231_Name_And_Address,Data,OWNER_REGISTRATION_LAST2,DATE_OF_BIRTH_2,207,8
D,113,231_Name_And_Address,Data,OWNER_REGISTRATION_LAST2,DATE_OF_DEATH_2,215,8
D,113,231_Name_And_Address,Data,OWNER_REGISTRATION_LAST2,RELATIONSHIP_CODE_2,223,4
D,113,231_Name_And_Address,Data,OWNER_REGISTRATION_LAST2,SSN_NUMBER_2,227,9
D,113,231_Name_And_Address,Data,OWNER_REGISTRATION_LAST2,SSN_CODE_2,236,1
D,113,231_Name_And_Address,Data,OWNER_REGISTRATION_LAST2,XREF_2,237,9
D,113,231_Name_And_Address,Data,OWNER_REGISTRATION_LAST2,CUSTOMER_ESTABLISH_DATE_2,246,8
D,113,231_Name_And_Address,Data,OWNER_REGISTRATION_LAST2,TRUSTED_CONTACT_STATUS_CODE_1,254,1
D,113,231_Name_And_Address,Data,OWNER_REGISTRATION_LAST2,TRUSTED_CONTACT_STATUS_CODE_2,255,1
D,113,231_Name_And_Address,Data,OWNER_REGISTRATION_LAST2,FILLER_3,256,445
D,115,231_Name_And_Address,Data,LEGAL_INFORMATION,RECORD_TYPE,1,1
D,115,231_Name_And_Address,Data,LEGAL_INFORMATION,RECORD_NUMBER,2,3
D,115,231_Name_And_Address,Data,LEGAL_INFORMATION,FIRM,5,4
D,115,231_Name_And_Address,Data,LEGAL_INFORMATION,BRANCH,9,3
D,115,231_Name_And_Address,Data,LEGAL_INFORMATION,ACCOUNT_NUMBER,12,6
D,115,231_Name_And_Address,Data,LEGAL_INFORMATION,AUTO_ADDRESS_UPDATE_INDICATOR,18,1
D,115,231_Name_And_Address,Data,LEGAL_INFORMATION,ADDRESS_TYPE,19,2
D,115,231_Name_And_Address,Data,LEGAL_INFORMATION,ADDRESS_LINE_115_1,21,32
D,115,231_Name_And_Address,Data,LEGAL_INFORMATION,ADDRESS_LINE_115_2,53,32
D,115,231_Name_And_Address,Data,LEGAL_INFORMATION,ADDRESS_LINE_115_3,85,32
D,115,231_Name_And_Address,Data,LEGAL_INFORMATION,CITY_NAME,117,32
D,115,231_Name_And_Address,Data,LEGAL_INFORMATION,STATE,149,2
D,115,231_Name_And_Address,Data,LEGAL_INFORMATION,POSTAL_CODE,151,5
D,115,231_Name_And_Address,Data,LEGAL_INFORMATION,EXTENDED_ZIP,156,4
D,115,231_Name_And_Address,Data,LEGAL_INFORMATION,PROVINCE,160,15
D,115,231_Name_And_Address,Data,LEGAL_INFORMATION,COUNTRY_NAME,175,29
D,115,231_Name_And_Address,Data,LEGAL_INFORMATION,STATE_OR_COUNTRY_CODE,204,3
D,115,231_Name_And_Address,Data,LEGAL_INFORMATION,UPDATE_USER,207,10
D,115,231_Name_And_Address,Data,LEGAL_INFORMATION,LAST_UPDATE_DATE,217,8
D,115,231_Name_And_Address,Data,LEGAL_INFORMATION,SEASONAL_ADDRESS_TYPE_CODE,225,2
D,115,231_Name_And_Address,Data,LEGAL_INFORMATION,SEASONAL_ADDRESS_STATUS_CODE,227,1
D,115,231_Name_And_Address,Data,LEGAL_INFORMATION,SEASONAL_ADDRESS_START_DATE,228,8
D,115,231_Name_And_Address,Data,LEGAL_INFORMATION,SEASONAL_ADDRESS_END_DATE,236,8
D,115,231_Name_And_Address,Data,LEGAL_INFORMATION,SEASONAL_ADDRESS_AUTO_ADDRESS_UPDATE_INDICATOR,244,1
D,115,231_Name_And_Address,Data,LEGAL_INFORMATION,SEASONAL_ADDRESS_NCOA_ADDRESS_UPDATE_INDICATOR,245,1
D,115,231_Name_And_Address,Data,LEGAL_INFORMATION,SEASONAL_ADDRESS_ADDRESS_LINE_1,246,32
D,115,231_Name_And_Address,Data,LEGAL_INFORMATION,SEASONAL_ADDRESS_ADDRESS_LINE_2,278,32
D,115,231_Name_And_Address,Data,LEGAL_INFORMATION,SEASONAL_ADDRESS_ADDRESS_LINE_3,310,32
D,115,231_Name_And_Address,Data,LEGAL_INFORMATION,SEASONAL_ADDRESS_FOREIGN_ADDRESS_CODE,342,1
D,115,231_Name_And_Address,Data,LEGAL_INFORMATION,SEASONAL_ADDRESS_CITY_NAME,343,30
D,115,231_Name_And_Address,Data,LEGAL_INFORMATION,SEASONAL_ADDRESS_STATE,373,2
D,115,231_Name_And_Address,Data,LEGAL_INFORMATION,SEASONAL_ADDRESSPOSTAL_CODE,375,9
D,115,231_Name_And_Address,Data,LEGAL_INFORMATION,SEASONAL_ADDRESS_PROVINCE,384,15
D,115,231_Name_And_Address,Data,LEGAL_INFORMATION,SEASONAL_ADDRESS_STATE_OR_COUNTRY_CODE,399,3
D,115,231_Name_And_Address,Data,LEGAL_INFORMATION,SEASONAL_ADDRESS_UPDATE_USER,402,10
D,115,231_Name_And_Address,Data,LEGAL_INFORMATION,SEASONAL_ADDRESS_LAST_UPDATE_DATE,412,8
D,115,231_Name_And_Address,Data,LEGAL_INFORMATION,FILLER,420,281
D,2X0,231_Name_And_Address,Data,CUSTOMER_TELEPHONE,RECORD_TYPE,1,1
D,2X0,231_Name_And_Address,Data,CUSTOMER_TELEPHONE,RECORD_NUMBER,2,3
D,2X0,231_Name_And_Address,Data,CUSTOMER_TELEPHONE,FIRM,5,4
D,2X0,231_Name_And_Address,Data,CUSTOMER_TELEPHONE,BRANCH,9,3
D,2X0,231_Name_And_Address,Data,CUSTOMER_TELEPHONE,ACCOUNT_NUMBER,12,6
D,2X0,231_Name_And_Address,Data,CUSTOMER_TELEPHONE,XREF,18,9
D,2X0,231_Name_And_Address,Data,CUSTOMER_TELEPHONE,MAIL_CODE,27,1
D,2X0,231_Name_And_Address,Data,CUSTOMER_TELEPHONE,LEGAL_CODE,28,1
D,2X0,231_Name_And_Address,Data,CUSTOMER_TELEPHONE,AFF_CODE,29,1
D,2X0,231_Name_And_Address,Data,CUSTOMER_TELEPHONE,DAY_TEL_CODE,30,1
D,2X0,231_Name_And_Address,Data,CUSTOMER_TELEPHONE,NTE_TEL_CODE,31,1
D,2X0,231_Name_And_Address,Data,CUSTOMER_TELEPHONE,BOOK_NAME_COUNT,32,1
D,2X0,231_Name_And_Address,Data,CUSTOMER_TELEPHONE,CUST_STATE_ID,33,30
D,2X0,231_Name_And_Address,Data,CUSTOMER_TELEPHONE,CUST_STATE_ID_TYPE,63,1
D,2X0,231_Name_And_Address,Data,CUSTOMER_TELEPHONE,CUST_STATE_ISSUED,64,2
D,2X0,231_Name_And_Address,Data,CUSTOMER_TELEPHONE,BROKER_AFFILIATION_CODE,66,1
D,2X0,231_Name_And_Address,Data,CUSTOMER_TELEPHONE,EMPLOYEE_OCCUPATION,67,32
D,2X0,231_Name_And_Address,Data,CUSTOMER_TELEPHONE,CITIZEN_OR_ORGANIZATION_COUNTRY,99,3
D,2X0,231_Name_And_Address,Data,CUSTOMER_TELEPHONE,LAST_MAINT_DATE,102,8
D,2X0,231_Name_And_Address,Data,CUSTOMER_TELEPHONE,UPDATE_USER_1,110,10
D,2X0,231_Name_And_Address,Data,CUSTOMER_TELEPHONE,UPDATE_TIME_STAMP_1,120,26
D,2X0,231_Name_And_Address,Data,CUSTOMER_TELEPHONE,NAME_FORMAT,146,1
D,2X0,231_Name_And_Address,Data,CUSTOMER_TELEPHONE,NAME_TITLE_PREFIX,147,10
D,2X0,231_Name_And_Address,Data,CUSTOMER_TELEPHONE,NAME_TITLE_SUFFIX,157,10
D,2X0,231_Name_And_Address,Data,CUSTOMER_TELEPHONE,FIRST_NAME,167,25
D,2X0,231_Name_And_Address,Data,CUSTOMER_TELEPHONE,MIDDLE_NAME,192,10
D,2X0,231_Name_And_Address,Data,CUSTOMER_TELEPHONE,LAST_NAME,202,30
D,2X0,231_Name_And_Address,Data,CUSTOMER_TELEPHONE,RELATIONSHIP_CODE,232,4
D,2X0,231_Name_And_Address,Data,CUSTOMER_TELEPHONE,IRS_CODE,236,1
D,2X0,231_Name_And_Address,Data,CUSTOMER_TELEPHONE,IRS_NO,237,9
D,2X0,231_Name_And_Address,Data,CUSTOMER_TELEPHONE,BIRTH_DATE,246,8
D,2X0,231_Name_And_Address,Data,CUSTOMER_TELEPHONE,TELEPHONE_TYPE_1,254,1
D,2X0,231_Name_And_Address,Data,CUSTOMER_TELEPHONE,TELEPHONE_FORMAT_1,255,1
D,2X0,231_Name_And_Address,Data,CUSTOMER_TELEPHONE,TELEPHONE_NUMBER_1,256,15
D,2X0,231_Name_And_Address,Data,CUSTOMER_TELEPHONE,TELEPHONE_EXTENSION_1,271,4
D,2X0,231_Name_And_Address,Data,CUSTOMER_TELEPHONE,TELEPHONE_PIN_1,275,10
D,2X0,231_Name_And_Address,Data,CUSTOMER_TELEPHONE,CONTACT_NAME_1,285,20
D,2X0,231_Name_And_Address,Data,CUSTOMER_TELEPHONE,PRIORITY_NUMBER_1,305,5
D,2X0,231_Name_And_Address,Data,CUSTOMER_TELEPHONE,UPDATE_USER_2,310,10
D,2X0,231_Name_And_Address,Data,CUSTOMER_TELEPHONE,UPDATE_TIME_STAMP_2,320,26
D,2X0,231_Name_And_Address,Data,CUSTOMER_TELEPHONE,TELEPHONE_TYPE_2,346,1
D,2X0,231_Name_And_Address,Data,CUSTOMER_TELEPHONE,TELEPHONE_FORMAT_2,347,1
D,2X0,231_Name_And_Address,Data,CUSTOMER_TELEPHONE,TELEPHONE_NUMBER_2,348,15
D,2X0,231_Name_And_Address,Data,CUSTOMER_TELEPHONE,TELEPHONE_EXTENSION_2,363,4
D,2X0,231_Name_And_Address,Data,CUSTOMER_TELEPHONE,TELEPHONE_PIN_2,367,10
D,2X0,231_Name_And_Address,Data,CUSTOMER_TELEPHONE,CONTACT_NAME_2,377,20
D,2X0,231_Name_And_Address,Data,CUSTOMER_TELEPHONE,PRIORITY_NUMBER_2,397,5
D,2X0,231_Name_And_Address,Data,CUSTOMER_TELEPHONE,UPDATE_USER_3,402,10
D,2X0,231_Name_And_Address,Data,CUSTOMER_TELEPHONE,UPDATE_TIME_STAMP_3,412,26
D,2X0,231_Name_And_Address,Data,CUSTOMER_TELEPHONE,GOVERNMENT_ID,438,30
D,2X0,231_Name_And_Address,Data,CUSTOMER_TELEPHONE,GOVERNMENT_ID_TYPE,468,1
D,2X0,231_Name_And_Address,Data,CUSTOMER_TELEPHONE,GOVERNMENT_ID_ISSUEDATE,469,8
D,2X0,231_Name_And_Address,Data,CUSTOMER_TELEPHONE,GOVERNMENT_ID_EXPIRATIONDATE,477,8
D,2X0,231_Name_And_Address,Data,CUSTOMER_TELEPHONE,GOVERNMENT_ID_COUNTRY_CODE,485,3
D,2X0,231_Name_And_Address,Data,CUSTOMER_TELEPHONE,ACCREDITED_INVESTOR_CODE,488,1
D,2X0,231_Name_And_Address,Data,CUSTOMER_TELEPHONE,AUTHORIZED_TRADER_TYPE,489,1
D,2X0,231_Name_And_Address,Data,CUSTOMER_TELEPHONE,BROKER_DEALER_CODE,490,1
D,2X0,231_Name_And_Address,Data,CUSTOMER_TELEPHONE,CONTROLLER_CODE,491,1
D,2X0,231_Name_And_Address,Data,CUSTOMER_TELEPHONE,EMPLOYEE_BORKERDEALER_CODE,492,1
D,2X0,231_Name_And_Address,Data,CUSTOMER_TELEPHONE,REGISTERED_US_COMPANY_CODE,493,1
D,2X0,231_Name_And_Address,Data,CUSTOMER_TELEPHONE,REGISTERED_US_BROKERDEALER_CODE,494,1
D,2X0,231_Name_And_Address,Data,CUSTOMER_TELEPHONE,REGISTERED_US_ADVISOR_CODE,495,1
D,2X0,231_Name_And_Address,Data,CUSTOMER_TELEPHONE,CALL_BACK_NO_1,496,1
D,2X0,231_Name_And_Address,Data,CUSTOMER_TELEPHONE,CALL_BACK_NO_2,497,1
D,2X0,231_Name_And_Address,Data,CUSTOMER_TELEPHONE,FILLER,498,203
D,2X1,231_Name_And_Address,Data,MAILING_ADDRESS,RECORD_TYPE,1,1
D,2X1,231_Name_And_Address,Data,MAILING_ADDRESS,RECORD_NUMBER,2,3
D,2X1,231_Name_And_Address,Data,MAILING_ADDRESS,FIRM,5,4
D,2X1,231_Name_And_Address,Data,MAILING_ADDRESS,BRANCH,9,3
D,2X1,231_Name_And_Address,Data,MAILING_ADDRESS,ACCOUNT_NUMBER,12,6
D,2X1,231_Name_And_Address,Data,MAILING_ADDRESS,ADDRESS_TYPE,18,2
D,2X1,231_Name_And_Address,Data,MAILING_ADDRESS,LABEL_LINE_2x1_1,20,32
D,2X1,231_Name_And_Address,Data,MAILING_ADDRESS,LABEL_LINE_2x1_2,52,32
D,2X1,231_Name_And_Address,Data,MAILING_ADDRESS,AUTO_ADDRESS_UPDATE_INDICATOR,84,1
D,2X1,231_Name_And_Address,Data,MAILING_ADDRESS,NCOA_ADDRESS_UPDATE_INDICATOR,85,1
D,2X1,231_Name_And_Address,Data,MAILING_ADDRESS,ADDRESS_LINE_2x1_1,86,32
D,2X1,231_Name_And_Address,Data,MAILING_ADDRESS,ADDRESS_LINE_2x1_2,118,32
D,2X1,231_Name_And_Address,Data,MAILING_ADDRESS,ADDRESS_LINE_2x1_3,150,32
D,2X1,231_Name_And_Address,Data,MAILING_ADDRESS,PO_BOX,182,10
D,2X1,231_Name_And_Address,Data,MAILING_ADDRESS,CITY_NAME,192,30
D,2X1,231_Name_And_Address,Data,MAILING_ADDRESS,STATE,222,2
D,2X1,231_Name_And_Address,Data,MAILING_ADDRESS,POSTAL_CODE,224,5
D,2X1,231_Name_And_Address,Data,MAILING_ADDRESS,EXTENDED_ZIP,229,4
D,2X1,231_Name_And_Address,Data,MAILING_ADDRESS,PROVINCE,233,30
D,2X1,231_Name_And_Address,Data,MAILING_ADDRESS,LAST_MAINT_DATE,263,8
D,2X1,231_Name_And_Address,Data,MAILING_ADDRESS,FOREIGN_ADDRESS_CODE,271,1
D,2X1,231_Name_And_Address,Data,MAILING_ADDRESS,STATE_OR_COUNTRY_CODE,272,3
D,2X1,231_Name_And_Address,Data,MAILING_ADDRESS,COUNTRY_NAME,275,50
D,2X1,231_Name_And_Address,Data,MAILING_ADDRESS,INTERNATIONAL_PO_CODE,325,10
D,2X1,231_Name_And_Address,Data,MAILING_ADDRESS,UPDATE_USER,335,10
D,2X1,231_Name_And_Address,Data,MAILING_ADDRESS,UPDATE_TIME_STAMP,345,26
D,2X1,231_Name_And_Address,Data,MAILING_ADDRESS,FILLER,371,330
D,2X2,231_Name_And_Address,Data,LEGAL_ADDRESS,RECORD_TYPE,1,1
D,2X2,231_Name_And_Address,Data,LEGAL_ADDRESS,RECORD_NUMBER,2,3
D,2X2,231_Name_And_Address,Data,LEGAL_ADDRESS,FIRM,5,4
D,2X2,231_Name_And_Address,Data,LEGAL_ADDRESS,BRANCH,9,3
D,2X2,231_Name_And_Address,Data,LEGAL_ADDRESS,ACCOUNT_NUMBER,12,6
D,2X2,231_Name_And_Address,Data,LEGAL_ADDRESS,ADDRESS_TYPE,18,2
D,2X2,231_Name_And_Address,Data,LEGAL_ADDRESS,LABEL_LINE_2x2_1,20,32
D,2X2,231_Name_And_Address,Data,LEGAL_ADDRESS,LABEL_LINE_2x2_2,52,32
D,2X2,231_Name_And_Address,Data,LEGAL_ADDRESS,AUTO_ADDRESS_UPDATE_INDICATOR,84,1
D,2X2,231_Name_And_Address,Data,LEGAL_ADDRESS,NCOA_ADDRESS_UPDATE_INDICATOR,85,1
D,2X2,231_Name_And_Address,Data,LEGAL_ADDRESS,ADDRESS_LINE_2X2_1,86,32
D,2X2,231_Name_And_Address,Data,LEGAL_ADDRESS,ADDRESS_LINE_2X2_2,118,32
D,2X2,231_Name_And_Address,Data,LEGAL_ADDRESS,ADDRESS_LINE_2X2_3,150,32
D,2X2,231_Name_And_Address,Data,LEGAL_ADDRESS,PO_BOX,182,10
D,2X2,231_Name_And_Address,Data,LEGAL_ADDRESS,CITY_NAME,192,30
D,2X2,231_Name_And_Address,Data,LEGAL_ADDRESS,STATE,222,2
D,2X2,231_Name_And_Address,Data,LEGAL_ADDRESS,POSTAL_CODE,224,5
D,2X2,231_Name_And_Address,Data,LEGAL_ADDRESS,EXTENDED_ZIP,229,4
D,2X2,231_Name_And_Address,Data,LEGAL_ADDRESS,PROVINCE,233,30
D,2X2,231_Name_And_Address,Data,LEGAL_ADDRESS,LAST_MAINT_DATE,263,8
D,2X2,231_Name_And_Address,Data,LEGAL_ADDRESS,ADDRESS_FORMAT,271,1
D,2X2,231_Name_And_Address,Data,LEGAL_ADDRESS,STATE_OR_COUNTRY_CODE,272,3
D,2X2,231_Name_And_Address,Data,LEGAL_ADDRESS,COUNTRY_NAME,275,50
D,2X2,231_Name_And_Address,Data,LEGAL_ADDRESS,INTERNATIONAL_PO_CODE,325,10
D,2X2,231_Name_And_Address,Data,LEGAL_ADDRESS,UPDATE_USER,335,10
D,2X2,231_Name_And_Address,Data,LEGAL_ADDRESS,UPDATE_TIME_STAMP,345,26
D,2X2,231_Name_And_Address,Data,LEGAL_ADDRESS,FILLER,371,330
D,2X3,231_Name_And_Address,Data,AFFILIATION_ADDRESS,RECORD_TYPE,1,1
D,2X3,231_Name_And_Address,Data,AFFILIATION_ADDRESS,RECORD_NUMBER,2,3
D,2X3,231_Name_And_Address,Data,AFFILIATION_ADDRESS,FIRM,5,4
D,2X3,231_Name_And_Address,Data,AFFILIATION_ADDRESS,BRANCH,9,3
D,2X3,231_Name_And_Address,Data,AFFILIATION_ADDRESS,ACCOUNT_NUMBER,12,6
D,2X3,231_Name_And_Address,Data,AFFILIATION_ADDRESS,ADDRESS_TYPE,18,2
D,2X3,231_Name_And_Address,Data,AFFILIATION_ADDRESS,LABEL_LINE_2x3_1,20,32
D,2X3,231_Name_And_Address,Data,AFFILIATION_ADDRESS,LABEL_LINE_2x3_2,52,32
D,2X3,231_Name_And_Address,Data,AFFILIATION_ADDRESS,FILLER_1,84,2
D,2X3,231_Name_And_Address,Data,AFFILIATION_ADDRESS,ADDRESS_LINE_2X3_1,86,32
D,2X3,231_Name_And_Address,Data,AFFILIATION_ADDRESS,ADDRESS_LINE_2X3_2,118,32
D,2X3,231_Name_And_Address,Data,AFFILIATION_ADDRESS,ADDRESS_LINE_2X3_3,150,32
D,2X3,231_Name_And_Address,Data,AFFILIATION_ADDRESS,PO_BOX,182,10
D,2X3,231_Name_And_Address,Data,AFFILIATION_ADDRESS,CITY_NAME,192,30
D,2X3,231_Name_And_Address,Data,AFFILIATION_ADDRESS,STATE,222,2
D,2X3,231_Name_And_Address,Data,AFFILIATION_ADDRESS,POSTAL_CODE,224,5
D,2X3,231_Name_And_Address,Data,AFFILIATION_ADDRESS,EXTENDED_ZIP,229,4
D,2X3,231_Name_And_Address,Data,AFFILIATION_ADDRESS,PROVINCE,233,30
D,2X3,231_Name_And_Address,Data,AFFILIATION_ADDRESS,LAST_MAINT_DATE,263,8
D,2X3,231_Name_And_Address,Data,AFFILIATION_ADDRESS,ADDRESS_FORMAT,271,1
D,2X3,231_Name_And_Address,Data,AFFILIATION_ADDRESS,STATE_OR_COUNTRY_CODE,272,3
D,2X3,231_Name_And_Address,Data,AFFILIATION_ADDRESS,COUNTRY_NAME,275,50
D,2X3,231_Name_And_Address,Data,AFFILIATION_ADDRESS,INTERNATIONAL_PO_CODE,325,10
D,2X3,231_Name_And_Address,Data,AFFILIATION_ADDRESS,UPDATE_USER,335,10
D,2X3,231_Name_And_Address,Data,AFFILIATION_ADDRESS,UPDATE_TIME_STAMP,345,26
D,2X3,231_Name_And_Address,Data,AFFILIATION_ADDRESS,FILLER_2,371,330
D,3X0,231_Name_And_Address,Data,EMAIL,RECORD_TYPE,1,1
D,3X0,231_Name_And_Address,Data,EMAIL,RECORD_NUMBER,2,3
D,3X0,231_Name_And_Address,Data,EMAIL,FIRM,5,4
D,3X0,231_Name_And_Address,Data,EMAIL,BRANCH,9,3
D,3X0,231_Name_And_Address,Data,EMAIL,ACCOUNT_NUMBER,12,6
D,3X0,231_Name_And_Address,Data,EMAIL,XREF,18,9
D,3X0,231_Name_And_Address,Data,EMAIL,EMAIL_ADDRESS,27,80
D,3X0,231_Name_And_Address,Data,EMAIL,EMAIL_ADDRESS_OF_RECORD,107,1
D,3X0,231_Name_And_Address,Data,EMAIL,STATEMENT_SUPPRESSION_INDICATOR,108,1
D,3X0,231_Name_And_Address,Data,EMAIL,STATEMENT_SUPPRESSION_PENDING_INDICATOR,109,1
D,3X0,231_Name_And_Address,Data,EMAIL,CONFIRM_SUPPRESSION_INDICATOR_1,110,1
D,3X0,231_Name_And_Address,Data,EMAIL,CONFIRM_SUPPRESSION_INDICATOR_2,111,1
D,3X0,231_Name_And_Address,Data,EMAIL,RAP_SUPPRESSION_INDICATOR,112,1
D,3X0,231_Name_And_Address,Data,EMAIL,RAP_SUPPRESSION_PENDING_INDICATOR,113,1
D,3X0,231_Name_And_Address,Data,EMAIL,SHAREHOLDER_DOCUMENTS_SUPPRESSION_INDICATOR,114,1
D,3X0,231_Name_And_Address,Data,EMAIL,SHAREHOLDER_DOCUMENTS_SUPPRESSION_PENDING_INDICATOR,115,1
D,3X0,231_Name_And_Address,Data,EMAIL,TAX_FORMS_SUPPRESSION_INDICATOR,116,1
D,3X0,231_Name_And_Address,Data,EMAIL,TAX_FORMS_SUPPRESSION_PENDING_INDICATOR,117,1
D,3X0,231_Name_And_Address,Data,EMAIL,QPR_SUPPRESSION_INDICATOR,118,1
D,3X0,231_Name_And_Address,Data,EMAIL,QPR_SUPPRESSION_PENDING_INDICATOR,119,1
D,3X0,231_Name_And_Address,Data,EMAIL,FILLER,120,581
D,900,231_Name_And_Address,Data,ACCOUNT_STAKEHOLDER_TRUSTED_CONTACT,RECORD_TYPE,1,1
D,900,231_Name_And_Address,Data,ACCOUNT_STAKEHOLDER_TRUSTED_CONTACT,RECORD_NUMBER,2,3
D,900,231_Name_And_Address,Data,ACCOUNT_STAKEHOLDER_TRUSTED_CONTACT,FIRM,5,4
D,900,231_Name_And_Address,Data,ACCOUNT_STAKEHOLDER_TRUSTED_CONTACT,BRANCH,9,3
D,900,231_Name_And_Address,Data,ACCOUNT_STAKEHOLDER_TRUSTED_CONTACT,ACCOUNT_NUMBER,12,6
D,900,231_Name_And_Address,Data,ACCOUNT_STAKEHOLDER_TRUSTED_CONTACT,ASTK_OR_TCPN_FIRST_NAME,18,25
D,900,231_Name_And_Address,Data,ACCOUNT_STAKEHOLDER_TRUSTED_CONTACT,ASTK_OR_TCPN_MIDDLE_NAME,43,10
D,900,231_Name_And_Address,Data,ACCOUNT_STAKEHOLDER_TRUSTED_CONTACT,ASTK_OR_TCPN_LAST_NAME,53,30
D,900,231_Name_And_Address,Data,ACCOUNT_STAKEHOLDER_TRUSTED_CONTACT,ASTK_OR_TCPN_CUSTOMER_ID,83,9
D,900,231_Name_And_Address,Data,ACCOUNT_STAKEHOLDER_TRUSTED_CONTACT,ASTK_OR_TCPN_ADDRESS_LINE_1,92,50
D,900,231_Name_And_Address,Data,ACCOUNT_STAKEHOLDER_TRUSTED_CONTACT,ASTK_OR_TCPN_ADDRESS_LINE_2,142,50
D,900,231_Name_And_Address,Data,ACCOUNT_STAKEHOLDER_TRUSTED_CONTACT,ASTK_OR_TCPN_CITY,192,30
D,900,231_Name_And_Address,Data,ACCOUNT_STAKEHOLDER_TRUSTED_CONTACT,ASTK_OR_TCPN_PROVINCE,222,30
D,900,231_Name_And_Address,Data,ACCOUNT_STAKEHOLDER_TRUSTED_CONTACT,ASTK_OR_TCPN_STATE,252,2
D,900,231_Name_And_Address,Data,ACCOUNT_STAKEHOLDER_TRUSTED_CONTACT,ASTK_OR_TCPN_ZIP_1,254,5
D,900,231_Name_And_Address,Data,ACCOUNT_STAKEHOLDER_TRUSTED_CONTACT,ASTK_OR_TCPN_ZIP_2,259,4
D,900,231_Name_And_Address,Data,ACCOUNT_STAKEHOLDER_TRUSTED_CONTACT,ASTK_OR_TCPN_DATE_OF_BIRTH,263,8
D,900,231_Name_And_Address,Data,ACCOUNT_STAKEHOLDER_TRUSTED_CONTACT,CITIZEN_STATUS_CODE,271,2
D,900,231_Name_And_Address,Data,ACCOUNT_STAKEHOLDER_TRUSTED_CONTACT,CITIZEN_OR_ORGANIZATION_COUNTRY,273,3
D,900,231_Name_And_Address,Data,ACCOUNT_STAKEHOLDER_TRUSTED_CONTACT,ASTK_OR_TCPN_MAIL_ADDRESS_COUNTRY_CODE,276,3
D,900,231_Name_And_Address,Data,ACCOUNT_STAKEHOLDER_TRUSTED_CONTACT,IRS_NO,279,11
D,900,231_Name_And_Address,Data,ACCOUNT_STAKEHOLDER_TRUSTED_CONTACT,IRS_CODE,290,1
D,900,231_Name_And_Address,Data,ACCOUNT_STAKEHOLDER_TRUSTED_CONTACT,ASTK_OR_TCPN_RELATIONSHIP_CODE,291,4
D,900,231_Name_And_Address,Data,ACCOUNT_STAKEHOLDER_TRUSTED_CONTACT,ASTK_OR_TCPN_STAKEHOLDER_TYPE,295,4
D,900,231_Name_And_Address,Data,ACCOUNT_STAKEHOLDER_TRUSTED_CONTACT,UPDATE_DATE,299,8
D,900,231_Name_And_Address,Data,ACCOUNT_STAKEHOLDER_TRUSTED_CONTACT,ASTK_OR_TCPN_NAME_FORMAT_CODE,307,1
D,900,231_Name_And_Address,Data,ACCOUNT_STAKEHOLDER_TRUSTED_CONTACT,ASTK_INSTITUTION_NAME,308,50
D,900,231_Name_And_Address,Data,ACCOUNT_STAKEHOLDER_TRUSTED_CONTACT,FILLER_1,358,3
D,900,231_Name_And_Address,Data,ACCOUNT_STAKEHOLDER_TRUSTED_CONTACT,TRUSTED_CONTACT_ID,361,9
D,900,231_Name_And_Address,Data,ACCOUNT_STAKEHOLDER_TRUSTED_CONTACT,TRUSTED_CONTACT_PRIMARY_OR_SECONDARY_CODE,370,1
D,900,231_Name_And_Address,Data,ACCOUNT_STAKEHOLDER_TRUSTED_CONTACT,TRUSTED_CONTACT_RELATIONSHIP_TO_OWNER,371,4
D,900,231_Name_And_Address,Data,ACCOUNT_STAKEHOLDER_TRUSTED_CONTACT,TRUSTED_CONTACT_PREFIX,375,10
D,900,231_Name_And_Address,Data,ACCOUNT_STAKEHOLDER_TRUSTED_CONTACT,TRUSTED_CONTACT_SUFFIX,385,10
D,900,231_Name_And_Address,Data,ACCOUNT_STAKEHOLDER_TRUSTED_CONTACT,TRUSTED_CONTACT_ADDRESS_FORMAT,395,1
D,900,231_Name_And_Address,Data,ACCOUNT_STAKEHOLDER_TRUSTED_CONTACT,TRUSTED_CONTACT_ATTENTION_LINE,396,50
D,900,231_Name_And_Address,Data,ACCOUNT_STAKEHOLDER_TRUSTED_CONTACT,TRUSTED_CONTACT_EMAIL_ADDRESS,446,80
D,900,231_Name_And_Address,Data,ACCOUNT_STAKEHOLDER_TRUSTED_CONTACT,TRUSTED_CONTACT_DAY_PHONE_FORMAT,526,1
D,900,231_Name_And_Address,Data,ACCOUNT_STAKEHOLDER_TRUSTED_CONTACT,TRUSTED_CONTACT_DAY_PHONE_NUMBER,527,15
D,900,231_Name_And_Address,Data,ACCOUNT_STAKEHOLDER_TRUSTED_CONTACT,TRUSTED_CONTACT_DAY_PHONE_EXTENSION,542,4
D,900,231_Name_And_Address,Data,ACCOUNT_STAKEHOLDER_TRUSTED_CONTACT,TRUSTED_CONTACT_DAY_MOBILE_INDICATOR,546,1
D,900,231_Name_And_Address,Data,ACCOUNT_STAKEHOLDER_TRUSTED_CONTACT,TRUSTED_CONTACT_NIGHT_PHONE_FORMAT,547,1
D,900,231_Name_And_Address,Data,ACCOUNT_STAKEHOLDER_TRUSTED_CONTACT,TRUSTED_CONTACT_NIGHT_PHONE_NUMBER,548,15
D,900,231_Name_And_Address,Data,ACCOUNT_STAKEHOLDER_TRUSTED_CONTACT,TRUSTED_CONTACT_NIGHT_PHONE_EXTENSION,563,4
D,900,231_Name_And_Address,Data,ACCOUNT_STAKEHOLDER_TRUSTED_CONTACT,TRUSTED_CONTACT_NIGHT_MOBILE_INDICATOR,567,1
D,900,231_Name_And_Address,Data,ACCOUNT_STAKEHOLDER_TRUSTED_CONTACT,ASTK_PRIMARY_ID_NUMBER,568,30
D,900,231_Name_And_Address,Data,ACCOUNT_STAKEHOLDER_TRUSTED_CONTACT,ASTK_PRIMARY_ID_TYPE,598,1
D,900,231_Name_And_Address,Data,ACCOUNT_STAKEHOLDER_TRUSTED_CONTACT,ASTK_PRIMARY_ID_STATE,599,2
D,900,231_Name_And_Address,Data,ACCOUNT_STAKEHOLDER_TRUSTED_CONTACT,ASTK_PRIMARY_ID_ISSUE_DATE,601,8
D,900,231_Name_And_Address,Data,ACCOUNT_STAKEHOLDER_TRUSTED_CONTACT,ASTK_PRIMARY_ID_EXPIRATION_DATE,609,8
D,900,231_Name_And_Address,Data,ACCOUNT_STAKEHOLDER_TRUSTED_CONTACT,ASTK_PERCENT_OWNERSHIP,617,5
D,900,231_Name_And_Address,Data,ACCOUNT_STAKEHOLDER_TRUSTED_CONTACT,GOVERNMENT_ID_COUNTRY_CODE,622,3
D,900,231_Name_And_Address,Data,ACCOUNT_STAKEHOLDER_TRUSTED_CONTACT,ACCREDITED_INVESTOR_CODE,625,1
D,900,231_Name_And_Address,Data,ACCOUNT_STAKEHOLDER_TRUSTED_CONTACT,AUTHORIZED_TRADER_TYPE,626,1
D,900,231_Name_And_Address,Data,ACCOUNT_STAKEHOLDER_TRUSTED_CONTACT,REGISTERED_US_COMPANY_CODE,627,1
D,900,231_Name_And_Address,Data,ACCOUNT_STAKEHOLDER_TRUSTED_CONTACT,REGISTERED_US_BROKERDEALER_CODE,628,1
D,900,231_Name_And_Address,Data,ACCOUNT_STAKEHOLDER_TRUSTED_CONTACT,REGISTERED_US_ADVISOR_CODE,629,1
D,900,231_Name_And_Address,Data,ACCOUNT_STAKEHOLDER_TRUSTED_CONTACT,FILLER_2,630,71
D,9XX,231_Name_And_Address,Data,TRUSTED_CONTACT,RECORD_TYPE,1,1
D,9XX,231_Name_And_Address,Data,TRUSTED_CONTACT,RECORD_NUMBER,2,3
D,9XX,231_Name_And_Address,Data,TRUSTED_CONTACT,FIRM,5,4
D,9XX,231_Name_And_Address,Data,TRUSTED_CONTACT,BRANCH,9,3
D,9XX,231_Name_And_Address,Data,TRUSTED_CONTACT,ACCOUNT_NUMBER,12,6
D,9XX,231_Name_And_Address,Data,TRUSTED_CONTACT,IPCS_NUMBER_OF_CONFIRMS,18,2
D,9XX,231_Name_And_Address,Data,TRUSTED_CONTACT,IPCS_NO_STATEMENTS,20,2
D,9XX,231_Name_And_Address,Data,TRUSTED_CONTACT,IPCS_ZIP_CODE,22,9
D,9XX,231_Name_And_Address,Data,TRUSTED_CONTACT,STATE_OR_COUNTRY_CODE,31,3
D,9XX,231_Name_And_Address,Data,TRUSTED_CONTACT,LAST_UPDATE_CODE,34,1
D,9XX,231_Name_And_Address,Data,TRUSTED_CONTACT,LAST_UPDATE_DATE,35,8
D,9XX,231_Name_And_Address,Data,TRUSTED_CONTACT,NUMBER_OF_ADDRESS_LINES,43,1
D,9XX,231_Name_And_Address,Data,TRUSTED_CONTACT,IPCS_ADDRESS_LINE_1,44,32
D,9XX,231_Name_And_Address,Data,TRUSTED_CONTACT,IPCS_ADDRESS_LINE_2,76,32
D,9XX,231_Name_And_Address,Data,TRUSTED_CONTACT,IPCS_ADDRESS_LINE_3,108,32
D,9XX,231_Name_And_Address,Data,TRUSTED_CONTACT,IPCS_ADDRESS_LINE_4,140,32
D,9XX,231_Name_And_Address,Data,TRUSTED_CONTACT,IPCS_ADDRESS_LINE_5,172,32
D,9XX,231_Name_And_Address,Data,TRUSTED_CONTACT,IPCS_ADDRESS_LINE_6,204,32
D,9XX,231_Name_And_Address,Data,TRUSTED_CONTACT,FILLER,236,465
D,,231_GNUMS,Data,GNUM,RECORD_NUMBER,1,1
D,,231_GNUMS,Data,GNUM,GNUMBER,3,9
D,,231_GNUMS,Data,GNUM,BRANCH,13,3
D,,231_GNUMS,Data,GNUM,ACCOUNT_NUMBER,16,6
D,,231_GNUMS,Data,GNUM,GNUMBER_NAME,23,46
D,,231_GNUMS,Data,GNUM,ADVISOR_TYPE,70,1